nom;adresse;cp;commune;code_insee;nb_ruches;Longitude;Latitude
45012060;LESZ VALOTS;18410;CLEMONT;18067;12;2.33284;47.5403
45001430;La Brosse;18260;CONCRESSAULT;18070;1;2.57434;47.4851
45001430;Le Mouton;18260;SURY ES BOIS;18259;1;2.70635;47.4702
45001430;Le Grand Crot;18410;BLANCAFORT;18030;1;2.60493;47.5276
45001430;Les Vachers;18260;CONCRESSAULT;18070;1;2.55452;47.5013
45001430;La Charmille;18410;BRINON SUR SAULDRE;18037;12;2.23904;47.6154
45001430;Les Janvres;18410;BLANCAFORT;18030;8;2.54869;47.526
45001430;La Mercandière;18260;DAMPIERRE EN CROT;18084;8;2.56355;47.4533
45000404;Puy Ferrand   1;18340;ARCAY;18008;17;2.32379;46.9687
45000404;La Paillonnerie;18120;LAZENAY;18124;17;2.12243;47.0524
45000404;Puy Ferrand   2;18340;ARCAY;18008;23;2.32379;46.9687
45000404;Le Crezay;18400;PRIMELLES;18188;29;2.19862;46.8993
45000404;Bois Bourbon;18290;CIVRAY;18066;40;2.20198;46.9505
45000404;Lhuys;18410;BRINON SUR SAULDRE;18037;57;2.19775;47.5509
45000404;Le Grand Bail;18400;VILLENEUVE SUR CHER;18285;6;2.22578;47.0526
45000397;Les Cherriers;18410;CLEMONT;18067;3;2.34709;47.5762
45000292;RTE DE LA CHAPELOTTE;18700;AUBIGNY SUR NERE;18015;15;2.45286;47.4808
45000292;RTE DE ISDES;18410;CLEMONT;18067;30;2.30719;47.5771
45000292;RTE DE CERDON;18410;BRINON SUR SAULDRE;18037;30;2.2515;47.5627
45000151;LA PLAUTE;18410;BLANCAFORT;18030;2;2.52925;47.5361
45000013;chassagne 3  le pont ;18700;AUBIGNY SUR NERE;18015;38;2.43109;47.4899
45000013;Chassagne 2  prairie ;18700;AUBIGNY SUR NERE;18015;44;2.43692;47.4955
45000013;La Haye;18410;BLANCAFORT;18030;48;2.51382;47.5512
45000013;gué perrin;18410;CLEMONT;18067;48;2.34703;47.5624
45000013;les racoeurs;18700;OIZON;18170;48;2.48606;47.4961
45000013;Les Roujoux;18410;CLEMONT;18067;48;2.33638;47.5584
45000013;Ferme Gauthier;18700;SAINTE MONTAINE;18227;48;2.35481;47.5227
45000013;route de gien  balle trap ;18410;ARGENT SUR SAULDRE;18011;48;2.45323;47.5639
45000013;Chassagne 1  fougere ;18700;AUBIGNY SUR NERE;18015;65;2.4381;47.487
45000013;les soyers;18410;ARGENT SUR SAULDRE;18011;67;2.46693;47.5303
41001531;Le Pré du Vivier;18410;BRINON SUR SAULDRE;18037;10;2.25059;47.575
37003096;MONT CORNEAU;18500;MEHUN SUR YEVRE;18141;2;2.2449;47.1354
37001996;Les Joncs;18370;CHATEAUMEILLANT;18057;1;2.23065;46.5445
37001996;Les Prés de la Filaine;18370;CHATEAUMEILLANT;18057;2;2.23874;46.5433
36007468;Chez Jubert;18120;MASSAY;18140;22;1.991;47.1522
36007468;Genouilly;18310;GENOUILLY;18100;29;1.91599;47.1863
36007441;Forêt Meillant;18200;MEILLANT;18142;10;2.50518;46.7808
36005101;LES AVIGNONS;18290;SAINT AMBROIX;18198;4;2.11346;46.9145
36003620;Bellevue;18700;MENETREOL SUR SAULDRE;18147;9;2.29386;47.4447
36003620;Landeroyne;18700;MENETREOL SUR SAULDRE;18147;9;2.2704;47.4684
36003620;2 Le Simouet;18700;MENETREOL SUR SAULDRE;18147;9;2.24152;47.455
36000402;La Pierre;18400;PRIMELLES;18188;3;2.22378;46.9198
36000354; ;18120;MASSAY;18140;10;1.991;47.1522
36000354; ;18310;GRACAY;18103;10;1.8461;47.1422
36000354;Gy;18120;MASSAY;18140;10;2.00507;47.1761
36000354;Foret;18100;VIERZON;18279;10;2.06373;47.2384
36000354;Le Port;18120;MASSAY;18140;10;1.991;47.1522
36000354;Maurepas;18120;CHERY;18064;10;2.02295;47.1152
36000354;St Romain;18120;CHERY;18064;10;2.04189;47.1214
36000354;Les Cours;18120;LIMEUX;18128;10;2.13178;47.0781
36000354;Saulay;18310;GENOUILLY;18100;10;1.84421;47.2149
36000354;Pied Blanc;18120;MASSAY;18140;10;1.99234;47.1386
36000354;Sermelles;18120;LAZENAY;18124;10;2.07143;47.0444
36000354;Longeville;18120;LAZENAY;18124;10;2.11372;47.0552
36000354;La Bertrie;18120;PREUILLY;18186;10;2.17853;47.0915
36000354;La Contale;18500;MARMAGNE;18138;10;2.26714;47.0938
36000354;Les Sapins;18310;GENOUILLY;18100;10;1.85711;47.1948
36000354;La Paillonerie;18120;LIMEUX;18128;10;2.11907;47.0869
36000354;Le Petit Port;18120;LAZENAY;18124;10;2.05936;47.056
36000354; Les Garderies;18120;CERBOIS;18044;10;2.09305;47.1144
36000354;Charrasse;18120;LURY SUR ARNON;18134;10;2.05901;47.1188
36000354;La guette;18330;NEUVY SUR BARANGEON;18165;10;2.30897;47.3436
36000354;chancenay;18500;MEHUN SUR YEVRE;18141;11;2.21743;47.1452
36000304;LA ROCHE BRIDIER;18360;CELETTE;18041;2;2.55147;46.6307
36000044;CORQUEUX;18190;CHATEAUNEUF SUR CHER;18058;6;2.35787;46.8753
28000369; ;18700;MENETREOL SUR SAULDRE;18147;10;2.30733;47.4477
18380001;les fashuets;18380;ENNORDRES;18088;5;2.46012;47.4076
18286001;Judré;18800;FARGES EN SEPTAINE;18092;10;2.6835;47.0756
18286001;La Garenne;18800;BAUGY;18023;20;2.73454;47.0814
18286001;La Faye;18800;VILLEQUIERS;18286;20;2.76124;47.0665
18283001;la brande;18160;VILLECELIN;18283;1;2.17328;46.8231
18283001;pont d albins;18160;VILLECELIN;18283;1;2.18463;46.8292
18280001;maison;18110;VIGNOUX SOUS LES AIX;18280;1;2.46868;47.1898
18279028;Route de Lury;18120;BRINAY;18036;3;2.13508;47.1707
18279018;les grandes iles    route de la loeuf;18100;VIERZON;18279;5;2.07082;47.1949
18275001;parc des grivelles;18600;SANCOINS;18242;3;2.92366;46.8415
18275001;le champ du pommier;18600;VEREAUX;18275;7;2.88139;46.8756
18272004;Bois Briou;18300;SENS BEAUJEU;18249;3;2.71008;47.3633
18272004;Marcy;18300;VEAUGUES;18272;5;2.79584;47.2607
18270003;lèvres;18270;SAINT MAUR;18225;1;2.28074;46.5571
18270003;le patureau du chêne;18190;VALLENAY;18270;1;2.36902;46.7936
18270001;la chaume des bois clairs;18190;VALLENAY;18270;3;2.3849;46.729
18270001;le bois de saulzais;18190;SAINT LOUP DES CHAUMES;18221;3;2.37046;46.825
18268002;le venon;18190;UZAY LE VENON;18268;3;2.44571;46.8202
18267005;les carrières des calleries;18570;TROUY;18267;2;2.38421;47.0495
18267004;le pont de lage;18370;PREVERANGES;18187;3;2.2538;46.4466
18258003;les moussières;18300;SURY EN VAUX;18258;30;2.82314;47.3774
18258003;Chezal Rousseau;18260;SUBLIGNY;18256;5;2.77632;47.3909
18258001;Chezal Rousseau;18260;SUBLIGNY;18256;10;2.77632;47.3909
18257002;les malais;18240;SURY PRES LERE;18257;3;2.84836;47.4781
18257002;Rte de Savigny;18240;SURY PRES LERE;18257;4;2.86163;47.481
18257001;la grande maison;18240;SURY PRES LERE;18257;3;2.82628;47.4757
18256001;les barres;18260;SUBLIGNY;18256;10;2.75558;47.3867
18256001;la marniere;18260;THOU;18264;15;2.64213;47.4318
18256001;route de sancerre;18300;VINON;18287;15;2.82294;47.2855
18256001;menetou ratel;18300;MENETOU RATEL;18144;15;2.79024;47.3551
18255004;le sollier;18570;SUBDRAY;18255;2;2.30042;47.0222
18254002;1  route de plaimpied;18340;SOYE EN SEPTAINE;18254;3;2.48881;47.0273
18254001;le seignererie;18340;SOYE EN SEPTAINE;18254;2;2.50205;47.0228
18254001;le Tiéaudon;18340;SOYE EN SEPTAINE;18254;5;2.50311;47.0217
18253002; Mr Novales Cyril;18110;VIGNOUX SOUS LES AIX;18280;1;2.4648;47.1875
18253002;Mr poisson;18110;FUSSY;18097;10;2.42311;47.1518
18253002;dalhuet;18220;SOULANGIS;18253;10;2.49166;47.1741
18253002;Mr Moreau;18510;MENETOU SALON;18145;10;2.47286;47.2531
18253002;route de menetou;18220;SOULANGIS;18253;12;2.5311;47.1802
18253002;poirioux;18220;SAINTE SOLANGE;18235;2;2.54742;47.1735
18253002;Mr Villandy Sébastien;18110;VIGNOUX SOUS LES AIX;18280;2;2.4648;47.1875
18253002;bois de vèves;18220;SOULANGIS;18253;20;2.5341;47.1859
18253002;route de menetou;18110;VIGNOUX SOUS LES AIX;18280;24;2.47206;47.1986
18253002;linards;18220;SOULANGIS;18253;4;2.49698;47.1854
18253002;bois des noel;18220;AIX D ANGILLON;18003;4;2.56577;47.1951
18252003;AU VERGER TRENAY SUD;18270;SIDIAILLES;18252;2;2.31908;46.536
18252002;trenay sud;18270;SIDIAILLES;18252;6;2.31908;46.536
18252001;Villers;18270;SIDIAILLES;18252;5;2.32395;46.5251
18246001;les famaux;18240;SAVIGNY EN SANCERRE;18246;9;2.80758;47.4363
18243006;les perrières;18240;SANTRANGES;18243;10;2.75592;47.4866
18242011;le crot du lac;18600;SANCOINS;18242;1;2.9161;46.7965
18242010;La Pointe;18600;SANCOINS;18242;5;2.91241;46.8147
18242002;la garde;18600;SANCOINS;18242;2;2.95573;46.833
18235002;Vallée Machée;18220;SAINTE SOLANGE;18235;30;2.54289;47.1297
18235001;13 rue des acacias;18220;SAINTE SOLANGE;18235;35;2.55211;47.1398
18231010;Domaine de la Gasne;18210;CHARENTON DU CHER;18052;9;2.64701;46.7228
18230002;maisaudon;18170;SAINT PIERRE LES BOIS;18230;3;2.31003;46.6833
18230002;la grande piece;18370;SAINT JEANVRIN;18217;5;2.24669;46.6172
18223014;MALCAY;18130;BUSSY;18040;27;2.6201;46.8704
18223014;LA SUEE;18130;VORNAY;18289;27;2.6093;46.9841
18223014;COËFFARD;18130;VORNAY;18289;27;2.58584;46.9565
18223014;LA CHAUSSEE;18130;BUSSY;18040;27;2.60654;46.9082
18223014;LES BOULAISES;18350;BLET;18031;27;2.76886;46.879
18223014;LES GALOPES;18130;OSMERY;18173;27;2.66517;46.9295
18223014;CHAMPCEAUX;18350;CORNUSSE;18072;27;2.71673;46.9403
18223014;VALENCIN;18400;SAINT CAPRAIS;18201;27;2.31423;46.9825
18223014;LA PERISSE;18130;DUN SUR AURON;18087;27;2.52151;46.8872
18223014;PICAUDON;18340;SOYE EN SEPTAINE;18254;27;2.4906;47.0269
18223014;MAISON ROUGE;18130;JUSSY CHAMPAGNE;18119;27;2.62624;46.9941
18223014;POIL VILLAIN;18340;SAINT GERMAIN DES BOIS;18212;27;2.48056;46.896
18223014;ANGELUS;18380;PRESLY;18185;28;2.36554;47.36
18223014;MADONNE;18380;PRESLY;18185;28;2.24877;47.3965
18223014;SOUTRAIN;18800;BAUGY;18023;28;2.72695;47.0758
18223014;LE MOULIN;18130;BUSSY;18040;28;2.62055;46.9034
18223014;PREFONDS;18380;PRESLY;18185;28;2.32243;47.3687
18223014;VILLENEUVE;18350;BLET;18031;28;2.75498;46.8597
18223014;VILLEBOIN;18380;PRESLY;18185;28;2.40882;47.3785
18223014;GRIVIOT;18250;HUMBLIGNY;18111;28;2.64827;47.2442
18223014;LA MOTTE;18120;PREUILLY;18186;28;2.15002;47.1061
18223014;LES MARGOTS;18220;RIANS;18194;28;2.62184;47.2052
18223014;LES BRANDES;18380;PRESLY;18185;28;2.32959;47.3999
18223014;LE COUDRAY;18500;MARMAGNE;18138;28;2.2507;47.0835
18223014;LES BROSSES;18110;ALLOGNY;18004;28;2.31372;47.2363
18223014;FONTILLET;18500;BERRY BOUY;18028;28;2.32393;47.1181
18223014;LE VAL DU CHER;18500;FOECY;18096;28;2.15646;47.1682
18223014;BECHIGNOL;18380;MERY ES BOIS;18149;28;2.34418;47.2993
18223014;LA CROSLAIE;18260;VILLEGENON;18284;28;2.57214;47.395
18223014;LE CHARME;18380;MERY ES BOIS;18149;28;2.33549;47.2915
18223014;SOMMES;18500;MEHUN SUR YEVRE;18141;28;2.2057;47.1225
18223014;LA MOUTIERE;18570;MORTHOMIERS;18157;28;2.24917;47.0364
18223014;LE GRAND MOUTET;18000;BOURGES;18033;28;2.42732;47.0809
18223014;BOUQUINIERE;18380;MERY ES BOIS;18149;28;2.33603;47.2749
18223014;LA CROIX DURAND;18340;SENNECAY;18248;28;2.44695;46.9482
18223014;LE FOURTOUT;18110;SAINT PALAIS;18229;28;2.4259;47.2383
18223014;LE RAZE  TERRIEUX ;18520;AVORD;18018;28;2.61812;47.0391
18223014;LES RERRIAUX;18380;MERY ES BOIS;18149;28;2.34203;47.2778
18223014;BOIS CARDEUX;18390;NOHANT EN GOUT;18166;28;2.56698;47.1031
18223014;LA RONGERE;18110;SAINT ELOY DE GY;18206;28;2.31827;47.1556
18223014;LE CLOS DE LA VIGNE;18120;LAZENAY;18124;28;2.0605;47.0731
18223014;MAISON DU BOIS;18380;MERY ES BOIS;18149;28;2.37847;47.3255
18223014;LA LANDE;18400;VILLENEUVE SUR CHER;18285;28;2.22905;47.0543
18223014;LES SECHERELLES;18340;LISSAY LOCHY;18129;28;2.40589;46.97
18223014;LA VIGNE BLANCHE;18350;MORNAY BERRY;18154;28;2.86009;47.0424
18223014;BOIS BOUZON;18800;FARGES EN SEPTAINE;18092;28;2.65674;47.0729
18223014; AUBUSSAY  LES CARRIERES;18120;BRINAY;18036;28;2.09271;47.1831
18223014;LA GARENNE;18390;SAINT GERMAIN DU PUY;18213;28;2.48416;47.1017
18223014;LE GRAND NUISEMENT;18520;BENGY SUR CRAON;18027;28;2.73931;47.0137
18223014;LES VIGNES DE COUET;18500;MEHUN SUR YEVRE;18141;28;2.24087;47.1404
18223014;LA PAILLE AU CUL;18340;PLAIMPIED GIVAUDINS;18180;28;2.44037;46.9906
18223014;LES ROUSSEAUX;18110;SAINT MARTIN D AUXIGNY;18223;28;2.38218;47.2134
18223014;LA MADELEINE DES BUIS;18500;SAINTE THORETTE;18237;28;2.21139;47.0555
18223014;LES CHAMP DES PRIERES;18110;SAINT MARTIN D AUXIGNY;18223;28;2.40861;47.2026
18223008;Le Laitier;18110;SAINT PALAIS;18229;2;2.40582;47.2389
18220002;15  rue de l église;18140;SAINT LEGER LE PETIT;18220;4;3.00514;47.1226
18217001;le peron;18270;SIDIAILLES;18252;25;2.30692;46.5417
18217001;la couture;18370;PREVERANGES;18187;25;2.27206;46.4785
18217001;la houte foule;18170;CHATELET;18059;25;2.28007;46.5943
18217001;les thureaux;18370;SAINT JEANVRIN;18217;25;2.23377;46.5961
18213033;le champ malois;18390;OSMOY;18174;10;2.48367;47.0873
18213003;Fenestrelay;18390;SAINT GERMAIN DU PUY;18213;3;2.44498;47.0946
18213001;merigny;18390;SAINT GERMAIN DU PUY;18213;3;2.50905;47.12
18207017;les pierres et vignes du champ des chaumes;18190;CHATEAUNEUF SUR CHER;18058;7;2.32486;46.8557
18207002;46 avenue du général Leclerc;18400;SAINT FLORENT SUR CHER;18207;4;2.25752;46.9983
18206004;Ruesse;18110;SAINT ELOY DE GY;18206;4;2.32638;47.1543
18206004;Boisdé;18110;SAINT ELOY DE GY;18206;5;2.35968;47.1525
18205007;les rogerets;18230;SAINT DOULCHARD;18205;1;2.37709;47.1242
18205003;serres municipales;18000;BOURGES;18033;1;2.39293;47.1271
18205003;chemin de la chaume des treilles;18230;SAINT DOULCHARD;18205;2;2.37684;47.1171
18198001;chamort;18160;TOUCHAY;18266;30;2.19771;46.7348
18198001;boisroux;18160;TOUCHAY;18266;30;2.21087;46.7126
18198001;larcille;18160;TOUCHAY;18266;30;2.19292;46.7134
18198001;chevresse;18160;TOUCHAY;18266;30;2.18799;46.7297
18198001;la gobelette;18160;TOUCHAY;18266;30;2.21292;46.7119
18198001;les loriots;18160;LIGNIERES;18127;30;2.17932;46.7531
18198001;chagnons;18160;TOUCHAY;18266;40;2.23594;46.723
18198001;les pornaps;18160;TOUCHAY;18266;40;2.19626;46.7346
18197038;40 rue g clemenceaux;18200;SAINT AMAND MONTROND;18197;1;2.50619;46.7331
18197036;LA TOUR;18200;SAINT AMAND MONTROND;18197;3;2.50793;46.7219
18197029;chemin d arpheuilles;18200;SAINT AMAND MONTROND;18197;10;2.52101;46.7347
18197027;19  avenue de la république;18200;SAINT AMAND MONTROND;18197;6;2.49938;46.7391
18197012;le grand tertre;18200;SAINT AMAND MONTROND;18197;3;2.51589;46.7109
18197010;Le Grand Tertre;18200;SAINT AMAND MONTROND;18197;2;2.51589;46.7109
18197010;La Grainetière;18200;SAINT AMAND MONTROND;18197;3;2.51202;46.7342
18197010;Le Petit Tente;18200;SAINT AMAND MONTROND;18197;5;2.49481;46.7159
18195001;le veuillin;18150;APREMONT SUR ALLIER;18007;4;3.04547;46.9291
18195001;Fontenay;18350;TENDRON;18260;7;2.80789;46.9851
18189001;LES FOYARDS;18110;QUANTILLY;18189;2;2.45629;47.237
18187677;le patural jeannot;18370;PREVERANGES;18187;2;2.26575;46.4337
18184002;Les Chaumes;18140;PRECY;18184;9;2.92633;47.0829
18172003;la petite epinass;18190;CHAMBON;18046;2;2.34337;46.7672
18171001;sortie du village route de bourges;18200;BRUERE ALLICHAMPS;18038;1;2.43266;46.7682
18171001;la gonne;18200;ORCENAIS;18171;39;2.39158;46.7026
18169006;les maisons;18200;NOZIERES;18169;24;2.39119;46.7322
18169006;chemin des moines;18200;NOZIERES;18169;24;2.4362;46.7348
18169006; porcelainerie;18200;BRUERE ALLICHAMPS;18038;24;2.43422;46.7716
18169006;les breuillats;18200;ORVAL;18172;48;2.47977;46.7276
18169006;les genets;18200;BRUERE ALLICHAMPS;18038;48;2.76191;47.4186
18169005;foreterie;18170;MORLAC;18153;32;2.30043;46.7524
18169005;les champs;18200;NOZIERES;18169;32;2.39029;46.7316
18169005;les genets;18200;NOZIERES;18169;32;2.44532;46.7324
18169005;les maisons;18200;NOZIERES;18169;32;2.39119;46.7322
18169005;bois jouhanneau;18200;ORVAL;18172;32;2.48152;46.727
18169005;hautchemin;18200;FARGES ALLICHAMPS;18091;32;2.40203;46.759
18169005;bois chétif;18200;BRUERE ALLICHAMPS;18038;32;2.4616;46.7402
18169005;porcelainerie;18200;FARGES ALLICHAMPS;18091;32;2.42103;46.7702
18169005;les renardières;18200;FARGES ALLICHAMPS;18091;32;2.39734;46.7559
18169005;cormier;18340;LEVET;18126;48;2.3933;46.9265
18169005;agoint;18370;PREVERANGES;18187;48;2.25076;46.432
18169005;les croix;18370;PREVERANGES;18187;48;2.23036;46.4354
18169005;mangou;18340;SAINTE LUNAISE;18222;48;2.34916;46.9207
18169005;bois noir;18200;BRUERE ALLICHAMPS;18038;48;2.45731;46.7475
18167014;moulin banden;18310;GRACAY;18103;2;1.83434;47.1714
18167014;les perroches;18310;NOHANT EN GRACAY;18167;8;1.89641;47.1413
18167013;le moulin bondon;18310;GRACAY;18103;10;1.82759;47.1583
18167013;le rocher;18310;GRACAY;18103;12;1.81492;47.1223
18167013;les beaux bidets;18310;GRACAY;18103;13;1.88147;47.167
18167013;les pruneaux;18310;NOHANT EN GRACAY;18167;13;1.89018;47.1313
18167013;les bois harpin;18310;NOHANT EN GRACAY;18167;13;1.89626;47.146
18167013;la grande rue;18310;GRACAY;18103;14;1.83434;47.1714
18167013;sauvigny;18310;GRACAY;18103;6;1.8545;47.1469
18167013;les tucherons;18310;GRACAY;18103;6;1.8563;47.1757
18165005;la noisette;18600;MORNAY SUR ALLIER;18155;1;3.03631;46.8329
18165005;le breurotte;18600;MORNAY SUR ALLIER;18155;1;3.02309;46.8226
18165005;St Caparis;18600;NEUVY LE BARROIS;18164;2;3.0437;46.8459
18165005;l aubois;18600;NEUVY LE BARROIS;18164;4;3.05133;46.8894
18163001;vauvredoy;18300;CREZANCY EN SANCERRE;18079;12;2.74361;47.2872
18163001;Les Mottes;18300;VEAUGUES;18272;8;2.75423;47.2599
18163001;La Chaume;18250;HUMBLIGNY;18111;9;2.68325;47.26
18162006;Les Colins;18300;JALOGNES;18116;25;2.76844;47.236
18162006;bois marrion;18250;CHAPELOTTE;18051;25;2.6049;47.3645
18162006;Les Riglins;18140;HERRY;18110;26;2.93226;47.2036
18162006;Le Preuilly;18380;PRESLY;18185;26;2.28406;47.3716
18162006;les colins;18300;JALOGNES;18116;27;2.76844;47.236
18162006;la marchaise;18700;AUBIGNY SUR NERE;18015;27;2.43574;47.4891
18162006;bois marion;18250;CHAPELOTTE;18051;28;2.6049;47.3645
18162006;Les Andrés;18250;NEUILLY EN SANCERRE;18162;29;2.6968;47.2998
18162006;la Preuilly;18380;PRESLY;18185;30;2.28406;47.3716
18162006;les colins;18300;VEAUGUES;18272;30;2.77055;47.2555
18162006;Rivailly;18300;SENS BEAUJEU;18249;30;2.70604;47.3261
18162006;Le Mouchet;18800;ETRECHY;18090;32;2.70673;47.145
18162006;Château;18300;SENS BEAUJEU;18249;33;2.70977;47.3263
18162006;La Marchaise;18700;AUBIGNY SUR NERE;18015;34;2.43574;47.4891
18159004;les bas boulay;18330;NANCAY;18159;4;2.14842;47.3739
18156005;4 chemin de Lauroy;18220;MOROGUES;18156;1;2.5953;47.2427
18155003;la grande maison;18600;MORNAY SUR ALLIER;18155;5;3.01146;46.8208
18155002;la chaume de la foret;18600;MORNAY SUR ALLIER;18155;1;3.04283;46.8355
18150001;chateau d eau;18100;MERY SUR CHER;18150;11;1.99223;47.2483
18150001;fay;18100;VIERZON;18279;4;2.05183;47.2353
18150001;saugy;18290;SAUGY;18244;8;2.12399;46.9617
18150001;etang;18120;MEREAU;18148;9;2.05047;47.1631
18145004;les chassaignes;18110;QUANTILLY;18189;1;2.44964;47.2284
18145004;les coteaux;18510;MENETOU SALON;18145;2;2.47847;47.2181
18145004;Grand Champ;18110;QUANTILLY;18189;3;2.44869;47.2273
18145004;les palisses;18510;MENETOU SALON;18145;4;2.48976;47.2198
18145004;Beauregard;18510;MENETOU SALON;18145;5;2.4562;47.2454
18143002;etang;18320;MENETOU COUTURE;18143;10;2.9147;47.0435
18143002;cimetière;18320;MENETOU COUTURE;18143;10;2.95999;47.0092
18143002;bois communal;18320;MENETOU COUTURE;18143;10;2.9147;47.0435
18143002;tailli blanc;18320;MENETOU COUTURE;18143;15;2.96028;47.0158
18143001;LE VERGER;18320;MENETOU COUTURE;18143;4;2.9147;47.0435
18143001;LE CHAMP DE DEVANT;18320;MENETOU COUTURE;18143;5;2.8987;47.0602
18141014;chancenay;18500;ALLOUIS;18005;1;2.19324;47.1654
18141013;beauregard;18500;MEHUN SUR YEVRE;18141;1;2.21422;47.1462
18141013;40 rue marcel fourré;18500;MEHUN SUR YEVRE;18141;1;2.22628;47.1427
18141012;rhin du bois d en bas;18500;ALLOUIS;18005;9;2.25092;47.1714
18140007;JARNAY;18120;MASSAY;18140;1;1.98937;47.1686
18140007;BOULINS;18120;MASSAY;18140;1;1.99755;47.1467
18140007;LE BOURG;18120;MASSAY;18140;1;1.99907;47.1567
18140007;LA SECHERESSE;18120;MASSAY;18140;13;1.95101;47.1556
18140007;GRANDVEAU;18120;MASSAY;18140;2;1.99529;47.1384
18133005;CHANTELOUP;18400;LUNERY;18133;4;2.26839;46.9424
18129001;Lochy;18340;LISSAY LOCHY;18129;3;2.38133;46.9582
18129001;Lochy;18340;LISSAY LOCHY;18129;6;2.38133;46.9582
18125001;mabilois;18240;BOULLERET;18032;20;2.87572;47.4377
18125001;les landes;18240;BOULLERET;18032;22;2.87392;47.4199
18125001;administerie;18240;SANTRANGES;18243;22;2.77609;47.4871
18125001;la maréchalerie;18240;SAVIGNY EN SANCERRE;18246;25;2.76912;47.4653
18125001;faizeaux;18240;SAVIGNY EN SANCERRE;18246;30;2.83095;47.4499
18125001;saint gemme;18240;SAINTE GEMME EN SANCERROIS;18208;30;2.81679;47.3941
18125001;le raizé;18240;LERE;18125;31;2.85955;47.4575
18110002;paasy;18140;CHAPELLE MONTLINARD;18049;3;2.99367;47.1937
18110002;les soucis;18140;HERRY;18110;6;2.92158;47.2454
18110002;les riglins;18140;HERRY;18110;7;2.93226;47.2036
18109007;la noue;18380;PRESLY;18185;10;2.27844;47.3997
18109007;chateau;18220;MOROGUES;18156;10;2.60269;47.2572
18109007;les ouis;18250;HUMBLIGNY;18111;10;2.65942;47.2528
18109007;bois chevaux;18330;NANCAY;18159;10;2.22044;47.3574
18109007;gidoin;18380;MERY ES BOIS;18149;10;2.33294;47.3443
18109007;les varennes;18330;NANCAY;18159;10;2.23019;47.374
18109007;les pellets;18220;MOROGUES;18156;10;2.59729;47.2753
18109007;les barberons;18220;AUBINGES;18016;10;2.56245;47.2243
18109007;chateau bellevue;18380;PRESLY;18185;10;2.3524;47.3899
18109007;les gaulthiers;18220;AUBINGES;18016;10;2.58178;47.2221
18109007;les tureaux;18380;MERY ES BOIS;18149;10;2.34889;47.3293
18109007;bois des vincents;18220;SAINT CEOLS;18202;10;2.62888;47.2203
18109007;chemin de jacques coeur;18250;ACHERES;18001;10;2.44582;47.2705
18109007;le biagré;18700;MENETREOL SUR SAULDRE;18147;10;2.29692;47.4438
18109007;le grand bauderets;18400;SAINT CAPRAIS;18201;10;2.30245;46.9616
18109007;rue d auron;18110;VIGNOUX SOUS LES AIX;18280;10;2.46868;47.1898
18109007;le bouchet;18340;SENNECAY;18248;20;2.45351;46.9546
18109007;les loges;18340;LISSAY LOCHY;18129;20;2.39681;46.9763
18109007;beaurepaire;18340;PLAIMPIED GIVAUDINS;18180;20;2.44313;46.9748
18108019;Le  Foulon;18150;GUERCHE SUR L AUBOIS;18108;3;2.96299;46.9657
18108006;martroux;18150;GUERCHE SUR L AUBOIS;18108;10;2.91405;46.9411
18100004;Camusière;18310;GENOUILLY;18100;1;1.92007;47.186
18099666;la boisselerie;18350;FLAVIGNY;18095;2;2.80078;46.9657
18099666;9 rue du bois;18350;FLAVIGNY;18095;6;2.80396;46.9662
18099666;le gros chene;18110;SAINT PALAIS;18229;6;2.41705;47.2552
18099004;le bourg;18140;GARIGNY;18099;1;2.89646;47.0727
18099004;rue des merisiers;18140;PRECY;18184;1;2.934;47.0844
18099004;les baptisés;18140;PRECY;18184;10;2.95021;47.0854
18099004;taille moreau 1;18140;PRECY;18184;12;2.933;47.0808
18099004;taille moreau 2;18140;PRECY;18184;12;2.933;47.0808
18099004;la garenne;18140;GARIGNY;18099;14;2.89646;47.0727
18099004;bois du liard;18140;GARIGNY;18099;20;2.89427;47.1111
18099004;le grand chaumoy;18140;GARIGNY;18099;30;2.91079;47.0721
18098001;marolles;18300;GARDEFORT;18098;3;2.8295;47.2519
18098001;la ville neuve;18300;FEUX;18094;7;2.83265;47.2379
18097004;10  route de Mennetou Salon;18110;FUSSY;18097;2;2.43459;47.1391
18086002;les pougrand;18200;DREVANT;18086;2;2.50889;46.7119
18084004;le petit meguillin;18260;DAMPIERRE EN CROT;18084;26;2.54678;47.4613
18084004;les givrys;18410;CLEMONT;18067;30;2.32142;47.5354
18084004;la flècherie;18410;BLANCAFORT;18030;30;2.52745;47.5073
18084004;beauvais;18700;SAINTE MONTAINE;18227;30;2.33702;47.4797
18084004;chersalé;18700;SAINTE MONTAINE;18227;30;2.27944;47.502
18084004;les camus;18700;AUBIGNY SUR NERE;18015;30;2.44002;47.4905
18084004;les colas;18700;AUBIGNY SUR NERE;18015;30;2.44619;47.4892
18084004;la minée;18410;BRINON SUR SAULDRE;18037;30;2.21332;47.5874
18084004;grandvaux;18410;BRINON SUR SAULDRE;18037;30;2.24742;47.5563
18084004;les chabots;18700;AUBIGNY SUR NERE;18015;30;2.46152;47.5113
18084004;les blancs;18410;ARGENT SUR SAULDRE;18011;30;2.41478;47.5396
18084004;les rillas;18410;ARGENT SUR SAULDRE;18011;30;2.42689;47.5649
18084004;les clergeries;18700;SAINTE MONTAINE;18227;30;2.29272;47.4807
18084004;la bourdinière;18410;ARGENT SUR SAULDRE;18011;30;2.4407;47.5675
18084004;les bois de l hospier;18410;ARGENT SUR SAULDRE;18011;30;2.44845;47.5782
18082002;hopital;18150;CUFFY;18082;4;3.04528;46.9831
18082002;petit bosne;18150;CUFFY;18082;4;3.03546;46.959
18082001;Le bec d allier;18150;CUFFY;18082;6;3.06983;46.961
18080001;les gérots;18350;CROISY;18080;1;2.83219;46.9239
18080001;bouchereux;18350;CROISY;18080;5;2.80783;46.9385
18078001;manoir de la loge;18190;CREZANCAY SUR CHER;18078;1;2.35789;46.8126
18077005;les coudrées;18140;SEVRY;18251;1;2.80777;47.1254
18077005;chevroux;18140;CHARENTONNAY;18053;26;2.88546;47.1239
18077005;chene rond;18140;COUY;18077;27;2.83294;47.113
18077005;la garenne;18140;SEVRY;18251;32;2.80473;47.137
18077005;limosin;18140;JUSSY LE CHAUDRIER;18120;61;2.92026;47.1216
18077005;les chenes;18140;COUY;18077;86;2.83294;47.113
18075001;GIVRY;18320;COURS LES BARRES;18075;4;3.0676;47.0138
18069002;la tranchasse;18200;COLOMBIERS;18069;12;2.55306;46.6812
18065005;les bindet;18160;CHEZAL BENOIT;18065;14;2.11226;46.8271
18065005; chezal benoit;18160;CHEZAL BENOIT;18065;15;2.11226;46.8271
18065001;Rossine;18160;SAINT HILAIRE EN LIGNIERES;18216;10;2.13438;46.7894
18065001;Bourrisson;18600;SANCOINS;18242;4;2.93315;46.8067
18065001;Ruesse des Ajoncs;18160;CHEZAL BENOIT;18065;8;2.11155;46.8279
18065001;Brandes des Plins;18160;CHEZAL BENOIT;18065;9;2.12608;46.8217
18057008;le chaumat;18370;CHATEAUMEILLANT;18057;4;2.22092;46.5379
18057003;6 rue de la promenade;18370;CHATEAUMEILLANT;18057;3;2.1962;46.5599
18052004;la bedoire;18210;COUST;18076;2;2.58464;46.6905
18052004;les cris;18210;CHARENTON DU CHER;18052;3;2.62621;46.7204
18052004;brebeurre;18210;CHARENTON DU CHER;18052;3;2.62774;46.7241
18052004;les naudins;18210;COUST;18076;6;2.58619;46.703
18052001;laugere;18210;CHARENTON DU CHER;18052;10;2.67866;46.7372
18049010;117 route de bourges;18140;CHAPELLE MONTLINARD;18049;7;2.96737;47.1646
18042001;La celle;18200;CELLE;18042;3;2.44318;46.7707
18038002;NOHANT;18200;BRUERE ALLICHAMPS;18038;5;2.40611;46.8018
18037005;les quatre vents;18410;BRINON SUR SAULDRE;18037;12;2.26898;47.5375
18037004;les réaux;18410;BRINON SUR SAULDRE;18037;9;2.21066;47.5507
18033313;Pierrelay;18000;BOURGES;18033;4;2.34151;47.0812
18033120;8 rue Buffon;18000;BOURGES;18033;2;2.38198;47.073
18033117;chemin des prébendes;18000;BOURGES;18033;1;2.40487;47.0853
18033114;les piquettes;18390;SAINT GERMAIN DU PUY;18213;2;2.4817;47.0982
18033113;7 rue lavoisier;18000;BOURGES;18033;2;2.39624;47.0962
18033111;63 Rue de Lazenay;18000;BOURGES;18033;2;2.39903;47.0677
18033108;chemin des charbonneaux;18000;BOURGES;18033;1;2.38057;47.0828
18033107;chemin des robinson;18000;BOURGES;18033;2;2.39619;47.0708
18033103;route de chateauneuf;18190;CORQUOY;18073;4;2.29738;46.8877
18033103;les vallées RN 76;18000;BOURGES;18033;6;2.38691;47.0531
18033086;Billeron;18220;SAINTE SOLANGE;18235;9;2.57969;47.1515
18033059;les goulevents;18000;BOURGES;18033;15;2.37868;47.0734
18033059;les cocuas;18290;PLOU;18181;6;2.13611;47.043
18033056;domaine horticole;18000;BOURGES;18033;1;2.36365;47.0711
18033056;7  rue Félix Chedin;18000;BOURGES;18033;1;2.395;47.097
18033056;hôtel de ville;18000;BOURGES;18033;2;2.39863;47.0844
18033056;école de musique;18000;BOURGES;18033;2;2.3911;47.0809
18033056;27  allées Auguste RODIN;18000;BOURGES;18033;3;2.40629;47.0602
18033051;Chemin de la Grenouille;18150;GERMIGNY L EXEMPT;18101;7;2.90392;46.9198
18033036;109   avenue Francois Mitterrand;18000;BOURGES;18033;10;2.43103;47.0837
18033033;chemin des vignes de chappe;18000;BOURGES;18033;8;2.43732;47.0927
18033032;bois des loges;18340;LEVET;18126;8;2.41012;46.9271
18033029;levet;18340;LEVET;18126;10;2.40118;46.9265
18033029;germigny;18000;BOURGES;18033;10;2.40197;47.085
18033029;Louy;18340;ARCAY;18008;15;2.37007;46.936
18033029;Mme Pont;18340;ARCAY;18008;15;2.34732;46.9827
18033029;pigeonnerie;18140;PRECY;18184;15;2.93428;47.1016
18033029;Thureau St Jean;18570;SUBDRAY;18255;15;2.29414;47.0108
18033029;fringale;18390;SAINT GERMAIN DU PUY;18213;15;2.48798;47.1101
18033029;nohant en gout;18390;NOHANT EN GOUT;18166;15;2.57072;47.0989
18033029;guenoiterie;18390;SAINT GERMAIN DU PUY;18213;15;2.45423;47.1101
18033029;chateauneuf cher;18190;CHATEAUNEUF SUR CHER;18058;15;2.32179;46.8588
18033029;Chemin de Villeneuve;18000;BOURGES;18033;5;2.34935;47.0583
18033029;boiret  AR257 et 147  lisserot;18000;BOURGES;18033;5;2.37803;47.0668
18033020;111 avenue Marcel Sambat;18000;BOURGES;18033;1;2.42161;47.0783
18033020;le crot a la maraine;18340;CROSSES;18081;5;2.53976;47.0093
18033017;chateau de lauroy;18410;CLEMONT;18067;3;2.31509;47.566
18033017;la métairie;18410;CLEMONT;18067;6;2.34319;47.566
18033002;4 chemin de beaulieu;18000;BOURGES;18033;1;2.34839;47.0572
18032004;Les Fouchards  chemin de la carrière;18240;BOULLERET;18032;2;2.87873;47.4209
18032004;10  route Ménétreau;18240;BOULLERET;18032;3;2.87697;47.4273
18031004;10  rue de la gendarmerie;18350;BLET;18031;3;2.73288;46.8937
18031003;18 route de Bourges;18350;BLET;18031;6;2.72856;46.8969
18030007;le chezeau;18410;BLANCAFORT;18030;3;2.59497;47.5134
18030007;les thureaux;18410;BLANCAFORT;18030;4;2.6;47.5314
18030004;vallée Marion;18300;FEUX;18094;3;2.84733;47.2309
18026002;la brosse;18240;LERE;18125;4;2.84655;47.4669
18026002;la croix de pierre;18240;LERE;18125;4;2.86662;47.4702
18026002;le vernet;18240;SANTRANGES;18243;6;2.74607;47.4926
18026002;le fourneau;18240;SANTRANGES;18243;6;2.7613;47.4953
18026002;montraffault;18240;SURY PRES LERE;18257;6;2.84993;47.4785
18026002;le saulat;18240;SAVIGNY EN SANCERRE;18246;6;2.81905;47.449
18026002;le dordon;18240;BELLEVILLE SUR LOIRE;18026;6;2.83784;47.5048
18026002;les mardelles;18240;BELLEVILLE SUR LOIRE;18026;6;2.83703;47.499
18023001;carrière;18340;CROSSES;18081;5;2.58375;47.0073
18017004;la tibeauderie;18600;AUGY SUR AUBOIS;18017;2;2.85774;46.7764
18016005;La Boirie;18120;MEREAU;18148;5;2.07275;47.1722
18015013;le puits d enfer;18700;AUBIGNY SUR NERE;18015;5;2.43899;47.4889
18015006;Parcelle BK79 les taillis;18700;AUBIGNY SUR NERE;18015;5;2.43535;47.4873
18013081;le crot du cheval;18150;CUFFY;18082;12;3.06694;46.9597
18012001;16  rue de la courtine;18140;ARGENVIERES;18012;10;2.99609;47.1341
18011005;vallée Marion;18300;FEUX;18094;2;2.84733;47.2309
18011005;30 rue LAKANAL;18410;ARGENT SUR SAULDRE;18011;6;2.44377;47.5587
18009001;Le bourg;18200;ARCOMPS;18009;36;2.42357;46.6766
18006003; ;18130;COGNY;18068;25;2.65572;46.8499
18006003; ;18210;THAUMIERS;18261;25;2.65399;46.8221
18006003;Chambon;18130;SAINT DENIS DE PALIN;18204;25;2.51886;46.9767
18006003; ;18350;CORNUSSE;18072;26;2.72916;46.9548
18006003;Gorgeat;18130;VORNAY;18289;28;2.59203;46.9628
18006003;Bois Nonet;18130;OSMERY;18173;28;2.65735;46.9371
18006003;Villaine;18130;DUN SUR AURON;18087;29;2.52953;46.8853
18006003; ;18130;DUN SUR AURON;18087;30;2.57201;46.8876
18004001;boursac;18110;ALLOGNY;18004;10;2.28174;47.21
18003008;BELLEVUE;18390;NOHANT EN GOUT;18166;1;2.5769;47.0998
18003007;les milliches;18220;RIANS;18194;2;2.61341;47.1852
18003006;L  étang;18140;HERRY;18110;1;2.95047;47.2153
18003006;Malvettes;18220;RIANS;18194;1;2.59454;47.1706
18003006;Sommerere;18380;PRESLY;18185;1;2.37215;47.3714
18003006;La Pluie;18220;MOROGUES;18156;1;2.57608;47.2599
18003006;Les Aubiers;18330;NANCAY;18159;1;2.14663;47.3894
18003006;La Grognarde;18330;NANCAY;18159;1;2.19469;47.3506
18003006;Les Velluets;18380;PRESLY;18185;1;2.31602;47.3692
18003006;Boulaire;18380;MERY ES BOIS;18149;1;2.34307;47.3188
18003006;Grosse Borne;18220;MOROGUES;18156;1;2.57597;47.2825
18003006;Le Petit Menet;18330;NANCAY;18159;1;2.19777;47.365
18003006;Les Defaix;18250;CHAPELOTTE;18051;1;2.59448;47.3103
18003006;Bois des Brosses;18220;BRECY;18035;1;2.61066;47.1436
18003006;Le Cro Boucan;18300;SAINT SATUR;18233;1;2.85693;47.3487
18003006;Terre des Contents;18380;PRESLY;18185;1;2.30972;47.4078
18003006;La Chapelle;18220;BRECY;18035;30;2.62137;47.1235
18003006;Bois de Bussede;18220;RIANS;18194;60;2.64578;47.1983
18003006;Beaumont;18510;MENETOU SALON;18145;60;2.4562;47.2454
18003006;Les Poirioux;18220;SAINTE SOLANGE;18235;64;2.54742;47.1735
18003006;Champ de Beaumont;18220;PARASSY;18176;70;2.52422;47.2082
18003006;Nouzigout;18340;PLAIMPIED GIVAUDINS;18180;70;2.45019;47.0148
18003006;Grange Neuve;18340;PLAIMPIED GIVAUDINS;18180;70;2.4691;46.9885
18256001;le parc;18300;SAINT BOUIZE;18200;15;;
18252001;chateau la lande;18360;CELETTE;18041;20;;
18109007;la groux;18220;AIX D ANGILLON;18003;10;;
